{
    "Model": [
        9.386699816353143,
        -1.374507010945758,
        3.850741503869549
    ],
    "ModelString": "y = (9.386700 + -1.374507 * x)*(−1/(3.850742))",
    "XPoints": [
        -3,
        -2.9,
        -2.8,
        -2.6999999999999997,
        -2.5999999999999996,
        -2.4999999999999996,
        -2.3999999999999995,
        -2.2999999999999994,
        -2.1999999999999993,
        -2.099999999999999,
        -1.9999999999999991,
        -1.899999999999999,
        -1.799999999999999,
        -1.6999999999999988,
        -1.5999999999999988,
        -1.4999999999999987,
        -1.3999999999999986,
        -1.2999999999999985,
        -1.1999999999999984,
        -1.0999999999999983,
        -0.9999999999999983,
        -0.8999999999999984,
        -0.7999999999999984,
        -0.6999999999999984,
        -0.5999999999999984,
        -0.49999999999999845,
        -0.39999999999999847,
        -0.2999999999999985,
        -0.19999999999999848,
        -0.09999999999999848,
        1.5265566588595902e-15,
        0.10000000000000153,
        0.20000000000000154,
        0.30000000000000154,
        0.4000000000000016,
        0.5000000000000016,
        0.6000000000000015,
        0.7000000000000015,
        0.8000000000000015,
        0.9000000000000015,
        1.0000000000000016,
        1.1000000000000016,
        1.2000000000000017,
        1.3000000000000018,
        1.400000000000002,
        1.500000000000002,
        1.600000000000002,
        1.7000000000000022,
        1.8000000000000023,
        1.9000000000000024,
        2.000000000000002,
        2.1000000000000023,
        2.2000000000000024,
        2.3000000000000025,
        2.4000000000000026,
        2.5000000000000027,
        2.6000000000000028,
        2.700000000000003,
        2.800000000000003,
        2.900000000000003,
        3.000000000000003,
        3.100000000000003,
        3.2000000000000033,
        3.3000000000000034,
        3.4000000000000035,
        3.5000000000000036,
        3.6000000000000036,
        3.7000000000000037,
        3.800000000000004,
        3.900000000000004
    ],
    "YPoints": [
        -3.508472546291204,
        -3.472777940211712,
        -3.437083334132219,
        -3.401388728052727,
        -3.365694121973234,
        -3.329999515893742,
        -3.294304909814249,
        -3.258610303734757,
        -3.222915697655264,
        -3.187221091575772,
        -3.1515264854962797,
        -3.1158318794167874,
        -3.0801372733372947,
        -3.044442667257802,
        -3.0087480611783097,
        -2.9730534550988175,
        -2.937358849019325,
        -2.901664242939832,
        -2.86596963686034,
        -2.8302750307808475,
        -2.7945804247013553,
        -2.7588858186218626,
        -2.7231912125423703,
        -2.687496606462878,
        -2.6518020003833858,
        -2.6161073943038926,
        -2.5804127882244003,
        -2.544718182144908,
        -2.509023576065416,
        -2.4733289699859236,
        -2.437634363906431,
        -2.4019397578269386,
        -2.3662451517474463,
        -2.3305505456679536,
        -2.294855939588461,
        -2.2591613335089686,
        -2.2234667274294764,
        -2.187772121349984,
        -2.1520775152704914,
        -2.116382909190999,
        -2.080688303111507,
        -2.044993697032014,
        -2.0092990909525215,
        -1.9736044848730292,
        -1.937909878793537,
        -1.9022152727140444,
        -1.866520666634552,
        -1.8308260605550595,
        -1.795131454475567,
        -1.7594368483960747,
        -1.7237422423165822,
        -1.6880476362370898,
        -1.6523530301575973,
        -1.6166584240781048,
        -1.5809638179986123,
        -1.54526921191912,
        -1.5095746058396273,
        -1.473879999760135,
        -1.4381853936806424,
        -1.40249078760115,
        -1.3667961815216578,
        -1.3311015754421651,
        -1.2954069693626729,
        -1.2597123632831804,
        -1.2240177572036879,
        -1.1883231511241954,
        -1.152628545044703,
        -1.1169339389652104,
        -1.0812393328857182,
        -1.0455447268062255
    ]
}