{
    "Model": [
        -0.00673959561626189,
        -0.005844219354200638,
        0.00005427597315981261
    ],
    "ModelString": "y = (-0.006740 + -0.005844 * x)*(-1/(0.000054))",
    "XPoints": [
        -3,
        -2.9,
        -2.8,
        -2.6999999999999997,
        -2.5999999999999996,
        -2.4999999999999996,
        -2.3999999999999995,
        -2.2999999999999994,
        -2.1999999999999993,
        -2.099999999999999,
        -1.9999999999999991,
        -1.899999999999999,
        -1.799999999999999,
        -1.6999999999999988,
        -1.5999999999999988,
        -1.4999999999999987,
        -1.3999999999999986,
        -1.2999999999999985,
        -1.1999999999999984,
        -1.0999999999999983,
        -0.9999999999999983,
        -0.8999999999999984,
        -0.7999999999999984,
        -0.6999999999999984,
        -0.5999999999999984,
        -0.49999999999999845,
        -0.39999999999999847,
        -0.2999999999999985,
        -0.19999999999999848,
        -0.09999999999999848,
        1.5265566588595902e-15,
        0.10000000000000153,
        0.20000000000000154,
        0.30000000000000154,
        0.4000000000000016,
        0.5000000000000016,
        0.6000000000000015,
        0.7000000000000015,
        0.8000000000000015,
        0.9000000000000015,
        1.0000000000000016,
        1.1000000000000016,
        1.2000000000000017,
        1.3000000000000018,
        1.400000000000002,
        1.500000000000002,
        1.600000000000002,
        1.7000000000000022,
        1.8000000000000023,
        1.9000000000000024,
        2.000000000000002,
        2.1000000000000023,
        2.2000000000000024,
        2.3000000000000025,
        2.4000000000000026,
        2.5000000000000027,
        2.6000000000000028,
        2.700000000000003,
        2.800000000000003,
        2.900000000000003,
        3.000000000000003,
        3.100000000000003,
        3.2000000000000033,
        3.3000000000000034,
        3.4000000000000035,
        3.5000000000000036,
        3.6000000000000036,
        3.7000000000000037,
        3.800000000000004,
        3.900000000000004
    ],
    "YPoints": [
        -198.85525432331622,
        -188.0876549345542,
        -177.32005554579212,
        -166.5524561570301,
        -155.78485676826799,
        -145.01725737950593,
        -134.24965799074388,
        -123.48205860198182,
        -112.71445921321975,
        -101.94685982445769,
        -91.17926043569564,
        -80.41166104693357,
        -69.64406165817152,
        -58.876462269409465,
        -48.1088628806474,
        -37.34126349188534,
        -26.573664103123285,
        -15.806064714361211,
        -5.038465325599153,
        5.729134063162905,
        16.496733451924946,
        27.264332840687008,
        38.03193222944905,
        48.79953161821109,
        59.56713100697314,
        70.33473039573519,
        81.10232978449723,
        91.8699291732593,
        102.63752856202133,
        113.4051279507834,
        124.17272733954543,
        134.9403267283075,
        145.70792611706955,
        156.47552550583163,
        167.24312489459365,
        178.0107242833557,
        188.77832367211775,
        199.54592306087977,
        210.31352244964185,
        221.0811218384039,
        231.84872122716592,
        242.616320615928,
        253.38392000469008,
        264.15151939345213,
        274.9191187822142,
        285.68671817097623,
        296.45431755973834,
        307.2219169485004,
        317.9895163372624,
        328.7571157260245,
        339.5247151147865,
        350.2923145035486,
        361.05991389231065,
        371.8275132810727,
        382.5951126698348,
        393.36271205859686,
        404.13031144735885,
        414.89791083612096,
        425.665510224883,
        436.43310961364506,
        447.2007090024071,
        457.96830839116916,
        468.73590777993127,
        479.5035071686933,
        490.27110655745537,
        501.0387059462174,
        511.8063053349795,
        522.5739047237415,
        533.3415041125037,
        544.1091035012656
    ]
}