{
    "XPoints": [
        0,
        0.01,
        0.02,
        0.03,
        0.04,
        0.05,
        0.06,
        0.07,
        0.08,
        0.09,
        0.1,
        0.11,
        0.12,
        0.13,
        0.14,
        0.15,
        0.16,
        0.17,
        0.18,
        0.19,
        0.2,
        0.21,
        0.22,
        0.23,
        0.24,
        0.25,
        0.26,
        0.27,
        0.28,
        0.29,
        0.3,
        0.31,
        0.32,
        0.33,
        0.34,
        0.35000000000000003,
        0.36,
        0.37,
        0.38,
        0.39,
        0.4,
        0.41000000000000003,
        0.42,
        0.43,
        0.44,
        0.45,
        0.46,
        0.47000000000000003,
        0.48,
        0.49,
        0.5,
        0.51,
        0.52,
        0.53,
        0.54,
        0.55,
        0.56,
        0.5700000000000001,
        0.58,
        0.59,
        0.6,
        0.61,
        0.62,
        0.63,
        0.64,
        0.65,
        0.66,
        0.67,
        0.68,
        0.6900000000000001,
        0.7000000000000001,
        0.71,
        0.72,
        0.73,
        0.74,
        0.75,
        0.76,
        0.77,
        0.78,
        0.79,
        0.8,
        0.81,
        0.8200000000000001,
        0.8300000000000001,
        0.84,
        0.85,
        0.86,
        0.87,
        0.88,
        0.89,
        0.9,
        0.91,
        0.92,
        0.93,
        0.9400000000000001,
        0.9500000000000001,
        0.96,
        0.97,
        0.98,
        0.99
    ],
    "YPoints": [
        0.2516333233778472,
        -0.19902411662355024,
        -0.003885378822568092,
        0.2855261148591965,
        -0.022983210351766203,
        0.4175642431478281,
        0.4502789574102399,
        0.1367455544713258,
        0.7491935156557481,
        0.34342546423390974,
        0.5386622115454616,
        0.5514073439628123,
        0.6642531580358182,
        0.6403456639121079,
        0.6643065293883984,
        1.0926210399309535,
        1.0674270394915588,
        0.9289694745070047,
        1.1734452633031554,
        0.734759123056546,
        1.0379017707747349,
        0.9810385970973041,
        1.171013207770408,
        0.9330280181801895,
        1.2309341830304186,
        0.7283574031790712,
        0.7215163191792053,
        1.0629964014495674,
        0.8204546223018702,
        0.703658269427272,
        0.7576664295948297,
        0.7403457224234082,
        0.7484633847539083,
        1.0482436702850415,
        1.041034552342083,
        1.0039012869488901,
        0.524686462921689,
        0.7629853887076323,
        0.8341681058930148,
        0.8036760474226887,
        0.6603179100008191,
        0.6145999533961146,
        0.6328196172014313,
        0.6259462654384755,
        0.314816660712327,
        0.5776153808827222,
        -0.030487764409366402,
        0.34374227686502035,
        0.19692925988682464,
        -0.010264878187553117,
        0.07135013338751318,
        0.05893455788798321,
        -0.26240955845902125,
        -0.45033431793636713,
        -0.5477654169287524,
        -0.2013577434149162,
        -0.17224365275754583,
        -0.14123121787391846,
        -0.3685976023090546,
        -0.31273131137453497,
        -0.8347911132671754,
        -0.5695409341194186,
        -0.9409849244793667,
        -0.9064888508893514,
        -0.8954769841435839,
        -0.8300907566666782,
        -0.9178228687085256,
        -0.807982622959521,
        -1.1250214754998469,
        -0.9269130777704158,
        -1.1816622567172193,
        -0.7690081733369415,
        -1.1842892566582874,
        -1.0735181934458355,
        -0.9630803355405111,
        -0.7019647059867962,
        -0.8625326626811325,
        -0.7802183487597598,
        -0.8762205322284531,
        -0.7170313574518574,
        -0.7570572071878234,
        -0.6897358345604288,
        -0.7826628838215453,
        -0.7145678601043575,
        -1.0637198667022199,
        -0.8005873012724375,
        -0.7794066883084079,
        -0.9076589623240992,
        -0.4630282549668841,
        -0.5330818847614899,
        -0.697394917702328,
        -0.7099635210506398,
        -0.4289955857904142,
        -0.4066621642467838,
        -0.2043503004717428,
        -0.3031038639765293,
        -0.3756540962781753,
        0.07577804435919053,
        -0.08672500838196875,
        -0.30800133463190343
    ]
}